file,period,N,cls_acc,cls_f1,cu_mae,fe_mae,s_mae,time_mae,overall_mae,overall_r2,ep_acc_all,ep_acc_near
B1F.csv,B1,10,0.0,0.0,16.555862426757812,2.8590898513793945,13.405200004577637,44.4441032409668,19.316062927246094,-11.081914901733398,0.0,0.0
B2F.csv,B2,10,0.0,0.0,16.59006118774414,3.097259998321533,14.542520523071289,63.741851806640625,24.492923736572266,-12.193500518798828,0.0,0.0
S1F.csv,S1,10,0.0,0.0,10.999761581420898,0.9081900715827942,9.472490310668945,16.337650299072266,9.429523468017578,-2.883457660675049,0.7,0.6666666666666666
S2F.csv,S2,10,1.0,1.0,12.537862777709961,1.1327999830245972,9.306039810180664,23.235973358154297,11.553169250488281,-5.671535491943359,0.4,0.4444444444444444
